"Chaos",0,"Tartarus",0
"Tartarus",0,"Chaos",0
"Chaos",0,"Gaia",0
"Gaia",0,"Chaos",0
"Chaos",0,"Eros",0
"Eros",0,"Chaos",0
"Chaos",0,"Erebus",0
"Erebus",0,"Chaos",0
"Chaos",0,"Nyx",0
"Nyx",0,"Chaos",0
"Tartarus",0,"Gaia",0
"Gaia",0,"Tartarus",0
"Tartarus",0,"Eros",0
"Eros",0,"Tartarus",0
"Tartarus",0,"Erebus",0
"Erebus",0,"Tartarus",0
"Tartarus",0,"Nyx",0
"Nyx",0,"Tartarus",0
"Gaia",0,"Eros",0
"Eros",0,"Gaia",0
"Gaia",0,"Erebus",0
"Erebus",0,"Gaia",0
"Gaia",0,"Nyx",0
"Nyx",0,"Gaia",0
"Eros",0,"Erebus",0
"Erebus",0,"Eros",0
"Eros",0,"Nyx",0
"Nyx",0,"Eros",0
"Erebus",0,"Nyx",0
"Nyx",0,"Erebus",0
"Tartarus",0,"Typhon",0
"Typhon",0,"Tartarus",0
"Gaia",0,"Typhon",0
"Typhon",0,"Gaia",0
"Gaia",0,"Uranus",0
"Uranus",0,"Gaia",0
"Gaia",0,"Ourea",0
"Ourea",0,"Gaia",0
"Gaia",0,"Pontus",0
"Pontus",0,"Gaia",0
"Uranus",0,"Ourea",0
"Ourea",0,"Uranus",0
"Uranus",0,"Pontus",0
"Pontus",0,"Uranus",0
"Ourea",0,"Pontus",0
"Pontus",0,"Ourea",0
"Erebus",0,"Aether",0
"Aether",0,"Erebus",0
"Nyx",0,"Aether",0
"Aether",0,"Nyx",0
"Erebus",0,"Hemera",0
"Hemera",0,"Erebus",0
"Nyx",0,"Hemera",0
"Hemera",0,"Nyx",0
"Aether",0,"Hemera",0
"Hemera",0,"Aether",0
"Nyx",0,"Moros",0
"Moros",0,"Nyx",0
"Nyx",0,"Oneiroi",0
"Oneiroi",0,"Nyx",0
"Nyx",0,"Nemesis",0
"Nemesis",0,"Nyx",0
"Nyx",0,"Momus",0
"Momus",0,"Nyx",0
"Philotes",0,"Nyx",0
"Nyx",0,"Philotes",0
"Nyx",0,"Geras",0
"Geras",0,"Nyx",0
"Nyx",0,"Thanatos",0
"Thanatos",0,"Nyx",0
"Nyx",0,"Hypnos",0
"Hypnos",0,"Nyx",0
"Nyx",0,"Eris",0
"Eris",0,"Nyx",0
"Nyx",0,"Apate",0
"Apate",0,"Nyx",0
"Nyx",0,"Oizys",0
"Oizys",0,"Nyx",0
"Nyx",0,"Moirai & Keres",0
"Moirai & Keres",0,"Nyx",0
"Moros",0,"Oneiroi",0
"Oneiroi",0,"Moros",0
"Moros",0,"Nemesis",0
"Nemesis",0,"Moros",0
"Moros",0,"Momus",0
"Momus",0,"Moros",0
"Moros",0,"Philotes",0
"Philotes",0,"Moros",0
"Moros",0,"Geras",0
"Geras",0,"Moros",0
"Moros",0,"Thanatos",0
"Thanatos",0,"Moros",0
"Moros",0,"Hypnos",0
"Hypnos",0,"Moros",0
"Moros",0,"Eris",0
"Eris",0,"Moros",0
"Moros",0,"Apate",0
"Apate",0,"Moros",0
"Moros",0,"Oizys",0
"Oizys",0,"Moros",0
"Moros",0,"Moirai & Keres",0
"Moirai & Keres",0,"Moros",0
"Oneiroi",0,"Nemesis",0
"Nemesis",0,"Oneiroi",0
"Oneiroi",0,"Momus",0
"Momus",0,"Oneiroi",0
"Oneiroi",0,"Philotes",0
"Philotes",0,"Oneiroi",0
"Oneiroi",0,"Geras",0
"Geras",0,"Oneiroi",0
"Oneiroi",0,"Thantos",0
"Thantos",0,"Oneiroi",0
"Oneiroi",0,"Hypnos",0
"Hypnos",0,"Oneiroi",0
"Oneiroi",0,"Eris",0
"Eris",0,"Oneiroi",0
"Oneiroi",0,"Apate",0
"Apate",0,"Oneiroi",0
"Oneiroi",0,"Oizys",0
"Oizys",0,"Oneiroi",0
"Oneiroi",0,"Moirai & Keres",0
"Moirai & Keres",0,"Oneiroi",0
"Nemesis",0,"Momus",0
"Momus",0,"Nemesis",0
"Nemesis",0,"Philotes",0
"Philotes",0,"Nemesis",0
"Nemesis",0,"Geras",0
"Geras",0,"Nemesis",0
"Nemesis",0,"Thanatos",0
"Thanatos",0,"Nemesis",0
"Nemesis",0,"Hypnos",0
"Hypnos",0,"Nemesis",0
"Nemesis",0,"Eris",0
"Eris",0,"Nemesis",0
"Nemesis",0,"Apate",0
"Apate",0,"Nemesis",0
"Nemesis",0,"Oizys",0
"Oizys",0,"Nemesis",0
"Nemesis",0,"Moirai & Keres",0
"Moirai & Keres",0,"Nemesis",0
"Momus",0,"Philotes",0
"Philotes",0,"Momus",0
"Momus",0,"Geras",0
"Geras",0,"Momus",0
"Momus",0,"Thanatos",0
"Thanatos",0,"Momus",0
"Momus",0,"Hypnos",0
"Hypnos",0,"Momus",0
"Momus",0,"Eris",0
"Eris",0,"Momus",0
"Momus",0,"Apate",0
"Apate",0,"Momus",0
"Momus",0,"Oizys",0
"Oizys",0,"Momus",0
"Momus",0,"Moirai & Keres",0
"Moirai & Keres",0,"Momus",0
"Philotes",0,"Geras",0
"Geras",0,"Philotes",0
"Philotes",0,"Thanatos",0
"Thanatos",0,"Philotes",0
"Philotes",0,"Hypnos",0
"Hypnos",0,"Philotes",0
"Philotes",0,"Eris",0
"Eris",0,"Philotes",0
"Philotes",0,"Apate",0
"Apate",0,"Philotes",0
"Philotes",0,"Oizys",0
"Oizys",0,"Philotes",0
"Philotes",0,"Moirai & Keres",0
"Moirai & Keres",0,"Philotes",0
"Geras",0,"Thanatos",0
"Thanatos",0,"Geras",0
"Geras",0,"Hypnos",0
"Hypnos",0,"Geras",0
"Geras",0,"Eris",0
"Eris",0,"Geras",0
"Geras",0,"Apate",0
"Apate",0,"Geras",0
"Geras",0,"Oizys",0
"Oizys",0,"Geras",0
"Geras",0,"Moirai & Keres",0
"Moirai & Keres",0,"Geras",0
"Thanatos",0,"Hypnos",0
"Hypnos",0,"Thanatos",0
"Thanatos",0,"Eris",0
"Eris",0,"Thanatos",0
"Thanatos",0,"Apate",0
"Apate",0,"Thanatos",0
"Thanatos",0,"Oizys",0
"Oizys",0,"Thanatos",0
"Thanatos",0,"Moirai & Keres",0
"Moirai & Keres",0,"Thanatos",0
"Hypnos",0,"Eris",0
"Eris",0,"Hypnos",0
"Hypnos",0,"Apate",0
"Apate",0,"Hypnos",0
"Hypnos",0,"Oizys",0
"Oizys",0,"Hypnos",0
"Hypnos",0,"Moirai & Keres",0
"Moirai & Keres",0,"Hypnos",0
"Eris",0,"Apate",0
"Apate",0,"Eris",0
"Eris",0,"Oizys",0
"Oizys",0,"Eris",0
"Eris",0,"Moirai & Keres",0
"Moirai & Keres",0,"Eris",0
"Apate",0,"Oizys",0
"Oizys",0,"Apate",0
"Apate",0,"Moirai & Keres",0
"Moirai & Keres",0,"Apate",0
"Oizys",0,"Moirai & Keres",0
"Moirai & Keres",0,"Oizys",0
"Uranus",0,"Erinyes",0
"Erinyes",0,"Uranus",0
"Uranus",0,"Gigantes",0
"Gigantes",0,"Uranus",0
"Uranus",0,"Meliae",0
"Meliae",0,"Uranus",0
"Uranus",0,"Aphrodite",0
"Aphrodite",0,"Uranus",0
"Uranus",0,"Hecatonchires",0
"Hecatonchires",0,"Uranus",0
"Uranus",0,"Titans",0
"Titans",0,"Uranus",0
"Uranus",0,"Cyclopes",0
"Cyclopes",0,"Uranus",0
"Uranus",0,"Echidna",0
"Echidna",0,"Uranus",0
"Gaia",0,"Hecatonchires",0
"Hecatonchires",0,"Gaia",0
"Gaia",0,"Titans",0
"Titans",0,"Gaia",0
"Gaia",0,"Cyclopes",0
"Cyclopes",0,"Gaia",0
"Gaia",0,"Echidna",0
"Echidna",0,"Gaia",0
"Erinyes",0,"Gigantes",0
"Gigantes",0,"Erinyes",0
"Erinyes",0,"Meliae",0
"Meliae",0,"Erinyes",0
"Erinyes",0,"Aphrodite",0
"Aphrodite",0,"Erinyes",0
"Gigantes",0,"Meliae",0
"Meliae",0,"Gigantes",0
"Gigantes",0,"Aphrodite",0
"Aphrodite",0,"Gigantes",0
"Meliae",0,"Aphrodite",0
"Aphrodite",0,"Meliae",0
"Hecatonchires",0,"Titans",0
"Titans",0,"Hecatonchires",0
"Hecatonchires",0,"Cyclopes",0
"Cyclopes",0,"Hecatonchires",0
"Hecatonchires",0,"Echidna",0
"Echidna",0,"Hecatonchires",0
"Titans",0,"Cyclopes",0
"Cyclopes",0,"Titans",0
"Titans",0,"Echidna",0
"Echidna",0,"Titans",0
"Cyclopes",0,"Echidna",0
"Echidna",0,"Cyclopes",0
"Titans",0,"Oceanus",0
"Oceanus",0,"Titans",0
"Titans",0,"Tethys",0
"Tethys",0,"Titans",0
"Titans",0,"Hyperion",0
"Hyperion",0,"Titans",0
"Titans",0,"Theia",0
"Theia",0,"Titans",0
"Titans",0,"Coeus",0
"Coeus",0,"Titans",0
"Titans",0,"Phoebe",0
"Phoebe",0,"Titans",0
"Titans",0,"Cronus",0
"Cronus",0,"Titans",0
"Titans",0,"Rhea",0
"Rhea",0,"Titans",0
"Titans",0,"Themis",0
"Themis",0,"Titans",0
"Titans",0,"Mnemosyne",0
"Mnemosyne",0,"Titans",0
"Titans",0,"Crius",0
"Crius",0,"Titans",0
"Titans",0,"Lapetus",0
"Lapetus",0,"Titans",0
"Oceanus",0,"Tethys",0
"Tethys",0,"Oceanus",0
"Oceanus",0,"Hyperion",0
"Hyperion",0,"Oceanus",0
"Oceanus",0,"Theia",0
"Theia",0,"Oceanus",0
"Oceanus",0,"Coeus",0
"Coeus",0,"Oceanus",0
"Oceanus",0,"Phoebe",0
"Phoebe",0,"Oceanus",0
"Oceanus",0,"Cronus",0
"Cronus",0,"Oceanus",0
"Oceanus",0,"Rhea",0
"Rhea",0,"Oceanus",0
"Oceanus",0,"Themis",0
"Themis",0,"Oceanus",0
"Oceanus",0,"Mnemosyne",0
"Mnemosyne",0,"Oceanus",0
"Oceanus",0,"Crius",0
"Crius",0,"Oceanus",0
"Oceanus",0,"Lapetus",0
"Lapetus",0,"Oceanus",0
"Tethys",0,"Hyperion",0
"Hyperion",0,"Tethys",0
"Tethys",0,"Theia",0
"Theia",0,"Tethys",0
"Tethys",0,"Coeus",0
"Coeus",0,"Tethys",0
"Tethys",0,"Phoebe",0
"Phoebe",0,"Tethys",0
"Tethys",0,"Cronus",0
"Cronus",0,"Tethys",0
"Tethys",0,"Rhea",0
"Rhea",0,"Tethys",0
"Tethys",0,"Themis",0
"Themis",0,"Tethys",0
"Tethys",0,"Mnemosyne",0
"Mnemosyne",0,"Tethys",0
"Tethys",0,"Crius",0
"Crius",0,"Tethys",0
"Tethys",0,"Lapetus",0
"Lapetus",0,"Tethys",0
"Hyperion",0,"Theia",0
"Theia",0,"Hyperion",0
"Hyperion",0,"Coeus",0
"Coeus",0,"Hyperion",0
"Hyperion",0,"Phoebe",0
"Phoebe",0,"Hyperion",0
"Hyperion",0,"Cronus",0
"Cronus",0,"Hyperion",0
"Hyperion",0,"Rhea",0
"Rhea",0,"Hyperion",0
"Hyperion",0,"Themis",0
"Themis",0,"Hyperion",0
"Hyperion",0,"Mnemosyne",0
"Mnemosyne",0,"Hyperion",0
"Hyperion",0,"Crius",0
"Crius",0,"Hyperion",0
"Hyperion",0,"Lapetus",0
"Lapetus",0,"Hyperion",0
"Theia",0,"Coeus",0
"Coeus",0,"Theia",0
"Theia",0,"Phoebe",0
"Phoebe",0,"Theia",0
"Theia",0,"Cronus",0
"Cronus",0,"Theia",0
"Theia",0,"Rhea",0
"Rhea",0,"Theia",0
"Theia",0,"Themis",0
"Themis",0,"Theia",0
"Theia",0,"Mnemosyne",0
"Mnemosyne",0,"Theia",0
"Theia",0,"Crius",0
"Crius",0,"Theia",0
"Theia",0,"Lapetus",0
"Lapetus",0,"Theia",0
"Coeus",0,"Phoebe",0
"Phoebe",0,"Coeus",0
"Coeus",0,"Cronus",0
"Cronus",0,"Coeus",0
"Coeus",0,"Rhea",0
"Rhea",0,"Coeus",0
"Coeus",0,"Themis",0
"Themis",0,"Coeus",0
"Coeus",0,"Mnemosyne",0
"Mnemosyne",0,"Coeus",0
"Coeus",0,"Crius",0
"Crius",0,"Coeus",0
"Coeus",0,"Lapetus",0
"Lapetus",0,"Coeus",0
"Phoebe",0,"Cronus",0
"Cronus",0,"Phoebe",0
"Phoebe",0,"Rhea",0
"Rhea",0,"Phoebe",0
"Phoebe",0,"Themis",0
"Themis",0,"Phoebe",0
"Phoebe",0,"Mnemosyne",0
"Mnemosyne",0,"Phoebe",0
"Phoebe",0,"Crius",0
"Crius",0,"Phoebe",0
"Phoebe",0,"Lapetus",0
"Lapetus",0,"Phoebe",0
"Cronus",0,"Rhea",0
"Rhea",0,"Cronus",0
"Cronus",0,"Themis",0
"Themis",0,"Cronus",0
"Cronus",0,"Mnemosyne",0
"Mnemosyne",0,"Cronus",0
"Cronus",0,"Crius",0
"Crius",0,"Cronus",0
"Cronus",0,"Lapetus",0
"Lapetus",0,"Cronus",0
"Rhea",0,"Themis",0
"Themis",0,"Rhea",0
"Rhea",0,"Mnemosyne",0
"Mnemosyne",0,"Rhea",0
"Rhea",0,"Crius",0
"Crius",0,"Rhea",0
"Rhea",0,"Lapetus",0
"Lapetus",0,"Rhea",0
"Themis",0,"Mnemosyne",0
"Mnemosyne",0,"Themis",0
"Themis",0,"Crius",0
"Crius",0,"Themis",0
"Themis",0,"Lapetus",0
"Lapetus",0,"Themis",0
"Mnemosyne",0,"Crius",0
"Crius",0,"Mnemosyne",0
"Mnemosyne",0,"Lapetus",0
"Lapetus",0,"Mnemosyne",0
"Crius",0,"Lapetus",0
"Lapetus",0,"Crius",0
"Oceanus",0,"Oceanids",0
"Oceanids",0,"Oceanus",0
"Tethys",0,"Oceanids",0
"Oceanids",0,"Tethys",0
"Hyperion",0,"Helios",0
"Helios",0,"Hyperion",0
"Hyperion",0,"Selene",0
"Selene",0,"Hyperion",0
"Hyperion",0,"Eos",0
"Eos",0,"Hyperion",0
"Theia",0,"Helios",0
"Helios",0,"Theia",0
"Theia",0,"Selene",0
"Selene",0,"Theia",0
"Theia",0,"Eos",0
"Eos",0,"Theia",0
"Helios",0,"Selene",0
"Selene",0,"Helios",0
"Helios",0,"Eos",0
"Eos",0,"Helios",0
"Selene",0,"Eos",0
"Eos",0,"Selene",0
"Helios",0,"Clymene",0
"Clymene",0,"Helios",0
"Clymene",0,"Heliades",0
"Heliades",0,"Clymene",0
"Helios",0,"Heliades",0
"Heliades",0,"Helios",0
"Coeus",0,"Asteria",0
"Asteria",0,"Coeus",0
"Coeus",0,"Leto",0
"Leto",0,"Coeus",0
"Phoebe",0,"Asteria",0
"Asteria",0,"Phoebe",0
"Phoebe",0,"Leto",0
"Leto",0,"Phoebe",0
"Cronus",0,"Hades",0
"Hades",0,"Cronus",0
"Cronus",0,"Demeter",0
"Demeter",0,"Cronus",0
"Cronus",0,"Poseidon",0
"Poseidon",0,"Cronus",0
"Cronus",0,"Hestia",0
"Hestia",0,"Cronus",0
"Zeus",0,"Cronus",0
"Cronus",0,"Zeus",0
"Cronus",0,"Hera",0
"Hera",0,"Cronus",0
"Hades",0,"Demeter",0
"Demeter",0,"Hades",0
"Hades",0,"Poseidon",0
"Poseidon",0,"Hades",0
"Hades",0,"Hestia",0
"Hestia",0,"Hades",0
"Hades",0,"Zeus",0
"Zeus",0,"Hades",0
"Hades",0,"Hera",0
"Hera",0,"Hades",0
"Demeter",0,"Poseidon",0
"Poseidon",0,"Demeter",0
"Demeter",0,"Hestia",0
"Hestia",0,"Demeter",0
"Demeter",0,"Zeus",0
"Zeus",0,"Demeter",0
"Demeter",0,"Hera",0
"Hera",0,"Demeter",0
"Poseidon",0,"Hestia",0
"Hestia",0,"Poseidon",0
"Poseidon",0,"Zeus",0
"Zeus",0,"Poseidon",0
"Poseidon",0,"Hera",0
"Hera",0,"Poseidon",0
"Hestia",0,"Zeus",0
"Zeus",0,"Hestia",0
"Hestia",0,"Hera",0
"Hera",0,"Hestia",0
"Zeus",0,"Hera",0
"Hera",0,"Zeus",0
"Lapetus",0,"Prometheus",0
"Prometheus",0,"Lapetus",0
"Lapetus",0,"Epimetheus",0
"Epimetheus",0,"Lapetus",0
"Lapetus",0,"Atlas",0
"Atlas",0,"Lapetus",0
"Prometheus",0,"Atlas",0
"Atlas",0,"Prometheus",0
"Prometheus",0,"Epimetheus",0
"Epimetheus",0,"Prometheus",0
"Atlas",0,"Epimetheus",0
"Epimetheus",0,"Atlas",0
"Epimetheus",0,"Dione",0
"Dione",0,"Epimetheus",0
"Oceanids",0,"Inachus",0
"Inachus",0,"Oceanids",0
"Oceanids",0,"Melia",0
"Melia",0,"Oceanids",0
"Oceanids",0,"Pleione",0
"Pleione",0,"Oceanids",0
"Inachus",0,"Melia",0
"Inachus",0,"Melia",0
"Melia",0,"Inachus",0
"Melia",0,"Inachus",0
"Inachus",0,"Pleione",0
"Pleione",0,"Inachus",0
"Inachus",0,"Clymene",0
"Clymene",0,"Inachus",0
"Melia",0,"Pleione",0
"Pleione",0,"Melia",0
"Melia",0,"Clymene",0
"Clymene",0,"Melia",0
"Pleione",0,"Clymene",0
"Clymene",0,"Pleione",0
"Clymene",0,"Oceanids",0
"Oceanids",0,"Clymene",0
"Leto",0,"Asteria",0
"Asteria",0,"Leto",0
"Leto",0,"Apollo",0
"Apollo",0,"Leto",0
"Leto",0,"Artemis",0
"Artemis",0,"Leto",0
"Apollo",0,"Artemis",0
"Artemis",0,"Apollo",0
"Leto",0,"Zeus",0
"Zeus",0,"Leto",0
"Zeus",0,"Apollo",0
"Apollo",0,"Zeus",0
"Zeus",0,"Artemis",0
"Artemis",0,"Zeus",0
"Demeter",0,"Zeus",0
"Zeus",0,"Demeter",0
"Demeter",0,"Persephone",0
"Persephone",0,"Demeter",0
"Zeus",0,"Persephone",0
"Persephone",0,"Zeus",0
"Zeus",0,"Athena",0
"Athene",0,"Zeus",0
"Zeus",0,"Hera",0
"Hera",0,"Zeus",0
"Zeus",0,"Hebe",0
"Hebe",0,"Zeus",0
"Zeus",0,"Hephaestus",0
"Hephaestus",0,"Zeus",0
"Zeus",0,"Ares",0
"Ares",0,"Zeus",0
"Zeus",0,"Enyo",0
"Enyo",0,"Zeus",0
"Zeus",0,"Eileithyia",0
"Eileithyia",0,"Zeus",0
"Hebe",0,"Enyo",0
"Enyo",0,"Hebe",0
"Hebe",0,"Hephaestus",0
"Hephaestus",0,"Hebe",0
"Hebe",0,"Eileithyia",0
"Eileithyia",0,"Hebe",0
"Hebe",0,"Ares",0
"Ares",0,"Hebe",0
"Enyo",0,"Hephaestus",0
"Hephaestus",0,"Enyo",0
"Enyo",0,"Eileithyia",0
"Eileithyia",0,"Enyo",0
"Enyo",0,"Ares",0
"Ares",0,"Enyo",0
"Hephaestus",0,"Eileithyia",0
"Eileithyia",0,"Hephaestus",0
"Hephaestus",0,"Ares",0
"Ares",0,"Hephaestus",0
"Eileithyia",0,"Ares",0
"Ares",0,"Eileithyia",0
"Zeus",0,"Dione",0
"Dione",0,"Zeus",0
"Zeus",0,"Aphrodite",0
"Aphrodite",0,"Zeus",0
"Dione",0,"Aphrodite",0
"Aphrodite",0,"Dione",0
"Ares",0,"Aphrodite",0
"Aphrodite",0,"Ares",0
"Ares",0,"Eros",0
"Eros",0,"Ares",0
"Ares",0,"Anteros",0
"Anteros",0,"Ares",0
"Ares",0,"Himeros",0
"Himeros",0,"Ares",0
"Ares",0,"Harmonia",0
"Harmonia",0,"Ares",0
"Ares",0,"Phobos",0
"Phobos",0,"Ares",0
"Ares",0,"Deimos",0
"Deimos",0,"Ares",0
"Aphrodite",0,"Anteros",0
"Anteros",0,"Aphrodite",0
"Aphrodite",0,"Eros",0
"Eros",0,"Aphrodite",0
"Aphrodite",0,"Himeros",0
"Himeros",0,"Aphrodite",0
"Aphrodite",0,"Harmonia",0
"Harmonia",0,"Aphrodite",0
"Aphrodite",0,"Phobos",0
"Phobos",0,"Aphrodite",0
"Aphrodite",0,"Deimos",0
"Deimos",0,"Aphrodite",0
"Anteros",0,"Eros",0
"Eros",0,"Anteros",0
"Anteros",0,"Himeros",0
"Himeros",0,"Anteros",0
"Anteros",0,"Harmonia",0
"Harmonia",0,"Anteros",0
"Anteros",0,"Phobos",0
"Phobos",0,"Anteros",0
"Anteros",0,"Deimos",0
"Deimos",0,"Anteros",0
"Eros",0,"Himeros",0
"Himeros",0,"Eros",0
"Eros",0,"Harmonia",0
"Harmonia",0,"Eros",0
"Eros",0,"Phobos",0
"Phobos",0,"Eros",0
"Eros",0,"Deimos",0
"Deimos",0,"Eros",0
"Himeros",0,"Harmonia",0
"Harmonia",0,"Himeros",0
"Himeros",0,"Phobos",0
"Phobos",0,"Himeros",0
"Himeros",0,"Deimos",0
"Deimos",0,"Himeros",0
"Harmonia",0,"Phobos",0
"Phobos",0,"Harmonia",0
"Harmonia",0,"Deimos",0
"Deimos",0,"Harmonia",0
"Phobos",0,"Deimos",0
"Deimos",0,"Phobos",0